"day","cases"
1,1
2,1
3,1
4,0
5,0
6,1
7,0
8,1
9,1
10,0
11,1
12,0
13,0
14,0
15,0
16,0
17,0
18,1
19,1
20,0
21,0
22,0
23,0
24,0
25,0
26,0
27,0
28,0
29,0
30,0
31,1
32,0
33,0
34,1
35,1
36,0
37,0
38,0
39,0
40,0
41,0
42,1
43,1
44,1
45,1
46,1
47,1
48,2
49,0
50,0
51,1
52,0
53,0
54,0
55,0
56,3
57,1
58,0
59,2
60,0
61,0
62,0
63,0
64,0
65,0
66,0
67,0
68,0
69,0
70,1
71,0
72,0
73,0
74,0
75,0
76,1
77,0
78,0
79,1
80,0
81,0
82,0
83,1
84,0
85,1
86,1
87,0
88,0
89,0
90,1
91,1
92,0
93,0
94,0
95,0
96,0
97,0
98,1
99,0
100,2
101,0
102,0
103,1
104,2
105,1
106,1
107,0
108,0
109,1
110,0
111,0
112,0
113,0
114,1
115,0
116,0
117,1
118,2
119,0
120,0
121,0
122,0
123,0
124,0
125,1
126,0
127,0
128,0
129,1
130,0
131,0
132,1
133,1
134,0
135,0
136,1
137,1
138,0
139,2
140,1
141,0
142,0
143,0
144,0
145,0
146,0
147,0
148,0
149,2
150,0
151,0
152,0
153,0
154,2
155,0
156,0
157,0
158,0
159,0
160,1
161,1
162,0
163,1
164,0
165,1
166,0
167,0
168,0
169,0
170,0
171,0
172,0
173,0
174,0
175,1
176,0
177,0
178,1
179,0
180,1
181,0
182,0
183,0
184,1
185,0
186,0
187,0
188,0
189,0
190,0
191,0
192,0
193,0
194,0
195,2
196,0
197,1
198,1
199,0
200,1
201,0
202,0
203,0
204,0
205,0
206,0
207,1
208,0
209,0
210,0
211,0
212,0
213,0
214,0
215,0
216,0
217,0
218,0
219,0
220,1
221,0
222,0
223,3
224,0
225,0
226,0
227,0
228,0
229,0
230,0
231,0
232,0
233,0
234,0
235,0
236,1
237,0
238,0
239,0
240,0
241,0
242,0
243,0
244,1
245,1
246,0
247,0
248,0
249,0
250,0
251,0
252,0
253,0
254,0
255,0
256,0
257,0
258,0
259,0
260,0
261,0
262,0
263,0
264,0
265,0
266,1
267,1
268,0
269,1
270,0
271,0
272,0
273,0
274,1
275,0
276,0
277,0
278,0
279,0
280,0
281,1
282,0
283,0
284,0
285,0
286,0
287,0
288,0
289,0
290,0
291,0
292,0
293,0
294,0
295,1
296,0
297,1
298,0
299,0
300,1
301,0
302,2
303,0
304,1
305,0
306,0
307,1
308,1
309,2
310,0
311,0
312,0
313,1
314,0
315,2
316,1
317,1
318,0
319,0
320,0
321,1
322,1
323,1
324,1
325,1
326,0
327,0
328,0
329,0
330,0
331,1
332,0
333,1
334,0
335,0
336,0
337,3
338,1
339,2
340,0
341,1
342,0
343,0
344,1
345,2
346,0
347,1
348,1
349,0
350,0
351,1
352,0
353,0
354,1
355,1
356,0
357,0
358,0
359,0
360,0
361,1
362,0
363,3
364,2
365,2
366,0
367,0
368,0
369,1
370,2
371,0
372,1
373,2
374,0
375,0
376,0
377,1
378,0
379,0
380,0
381,0
382,0
383,1
384,0
385,1
386,0
387,0
388,1
389,0
390,0
391,1
392,1
393,1
394,0
395,0
396,0
397,0
398,0
399,1
400,0
401,0
402,5
403,1
404,1
405,0
406,0
407,0
408,1
409,0
410,0
411,0
412,1
413,0
414,0
415,1
416,0
417,0
418,0
419,1
420,0
421,0
422,0
423,2
424,0
425,1
426,1
427,0
428,0
429,1
430,0
431,0
432,0
433,1
434,0
435,1
436,1
437,1
438,0
439,1
440,0
441,0
442,0
443,0
444,2
445,0
446,1
447,0
448,1
449,1
450,1
451,1
452,4
453,2
454,1
455,2
456,1
457,0
458,0
459,0
460,0
461,0
462,0
463,0
464,0
465,0
466,1
467,1
468,1
469,1
470,1
471,3
472,1
473,1
474,0
475,0
476,0
477,1
478,1
479,3
480,0
481,1
482,1
483,0
484,0
485,0
486,0
487,0
488,1
489,3
490,0
491,0
492,1
493,0
494,1
495,0
496,1
497,1
498,3
499,0
500,0
501,0
502,0
503,3
504,0
505,0
506,2
507,0
508,1
509,1
510,1
511,1
512,0
513,1
514,0
515,0
516,0
517,1
518,1
519,1
520,1
521,2
522,3
523,0
524,0
525,1
526,2
527,0
528,1
529,0
530,0
531,0
532,0
533,0
534,1
535,1
536,0
537,0
538,0
539,0
540,0
541,0
542,0
543,0
544,0
545,0
546,0
547,0
548,0
549,2
550,0
551,0
552,0
553,0
554,0
555,1
556,1
557,1
558,2
559,1
560,0
561,0
562,0
563,0
564,1
565,2
566,1
567,0
568,1
569,0
570,1
571,0
572,1
573,0
574,1
575,0
576,2
577,0
578,0
579,1
580,0
581,0
582,0
583,1
584,0
585,0
586,0
587,0
588,0
589,0
590,0
591,0
592,0
593,0
594,0
595,0
596,0
597,0
598,0
599,0
600,0
601,0
602,0
603,0
604,0
605,0
606,0
607,0
608,0
609,0
610,1
611,0
612,1
613,0
614,0
615,0
616,0
617,0
618,0
619,0
620,1
621,0
622,0
623,1
624,0
625,0
626,0
627,0
628,0
629,0
630,0
631,0
632,0
633,0
634,0
635,1
636,0
637,0
638,0
639,1
640,0
641,0
642,0
643,0
644,2
645,0
646,0
647,0
648,0
649,0
650,1
651,0
652,1
653,0
654,0
655,1
656,0
657,2
658,1
659,0
660,1
661,0
662,0
663,0
664,0
665,1
666,0
667,0
668,2
669,1
670,0
671,1
672,0
673,0
674,1
675,0
676,1
677,0
678,2
679,0
680,0
681,1
682,0
683,0
684,1
685,1
686,0
687,0
688,1
689,1
690,1
691,0
692,0
693,0
694,1
695,1
696,0
697,0
698,3
699,1
700,0
701,4
702,0
703,0
704,0
705,1
706,1
707,0
708,1
709,3
710,2
711,4
712,0
713,2
714,0
715,2
716,2
717,0
718,0
719,2
720,1
721,2
722,2
723,3
724,2
725,0
726,3
727,0
728,3
729,1
730,4
731,2
732,3
733,1
734,3
735,1
736,2
737,4
738,3
739,1
740,0
741,4
742,2
743,1
744,1
745,0
746,1
747,0
748,2
749,0
750,0
751,0
752,1
753,0
754,0
755,0
756,0
757,0
758,0
759,0
760,0
761,0
762,3
763,2
764,0
765,0
766,5
767,0
768,3
769,3
770,1
771,5
772,7
773,0
774,1
775,1
776,1
777,5
778,1
779,4
780,4
781,2
782,1
783,3
784,3
785,1
786,0
787,0
788,0
789,1
790,1
791,4
792,2
793,1
794,2
795,0
796,3
797,0
798,3
799,3
800,2
801,2
802,1
803,5
804,3
805,2
806,2
807,3
808,1
809,3
810,2
811,8
812,4
813,3
814,0
815,0
816,5
817,8
818,4
819,1
820,5
821,1
822,3
823,0
824,0
825,3
826,2
827,1
828,1
829,1
830,1
831,0
832,2
833,0
834,1
835,1
836,0
837,1
838,0
839,1
840,0
841,2
842,2
843,0
844,1
845,0
846,0
847,3
848,0
849,5
850,1
851,0
852,4
853,2
854,5
855,1
856,1
857,1
858,2
859,1
860,4
861,0
862,1
863,4
864,0
865,2
866,0
867,3
868,0
869,1
870,4
871,0
872,2
873,2
874,3
875,1
876,1
877,1
878,2
879,2
880,0
881,1
882,1
883,0
884,2
885,2
886,1
887,2
888,0
889,1
890,4
891,1
892,1
893,0
894,0
895,2
896,1
897,0
898,1
899,5
900,0
901,1
902,1
903,3
904,1
905,0
906,1
907,0
908,1
909,1
910,1
911,1
912,2
913,0
914,0
915,3
916,1
917,0
918,0
919,1
920,0
921,1
922,0
923,2
924,0
925,0
926,2
927,0
928,0
929,0
930,0
931,1
932,0
933,0
934,1
935,1
936,1
937,1
938,2
939,1
940,1
941,1
942,1
943,0
944,3
945,0
946,2
947,1
948,1
949,0
950,0
951,1
952,0
953,0
954,0
955,0
956,1
957,0
958,0
959,0
960,0
961,3
962,0
963,0
964,0
965,1
966,0
967,0
968,1
969,0
970,4
971,2
972,1
973,2
974,0
975,3
976,1
977,1
978,0
979,3
980,1
981,0
982,0
983,0
984,0
985,2
986,0
987,0
988,0
989,0
990,0
991,0
992,0
993,0
994,0
995,0
996,1
997,0
998,1
999,2
1000,0
1001,1
1002,0
1003,1
1004,0
1005,1
1006,0
1007,1
1008,0
1009,0
1010,2
1011,0
1012,1
1013,0
1014,2
1015,1
1016,1
1017,3
1018,1
1019,0
1020,2
1021,2
1022,0
1023,3
1024,2
1025,1
1026,0
1027,0
1028,1
1029,0
1030,0
1031,1
1032,1
1033,0
1034,1
1035,1
1036,1
1037,3
1038,3
1039,0
1040,1
1041,1
1042,2
1043,1
1044,0
1045,0
1046,2
1047,1
1048,1
1049,0
1050,1
1051,0
1052,1
1053,0
1054,1
1055,0
1056,0
1057,1
1058,4
1059,1
1060,0
1061,2
1062,2
1063,1
1064,3
1065,2
1066,0
1067,1
1068,3
1069,1
1070,2
1071,2
1072,1
1073,2
1074,1
1075,2
1076,1
1077,1
1078,3
1079,1
1080,4
1081,3
1082,3
1083,5
1084,4
1085,5
1086,1
1087,0
1088,2
1089,0
1090,0
1091,3
1092,4
1093,4
1094,3
1095,7
1096,2
1097,5
1098,7
1099,3
1100,3
1101,2
1102,1
1103,4
1104,2
1105,1
1106,3
1107,1
1108,5
1109,5
1110,1
1111,4
1112,4
1113,1
1114,3
1115,0
1116,0
1117,0
1118,0
1119,4
1120,0
1121,1
1122,2
1123,1
1124,0
1125,2
1126,4
1127,2
1128,2
1129,5
1130,2
1131,3
1132,1
1133,2
1134,1
1135,3
1136,2
1137,6
1138,1
1139,4
1140,6
1141,3
1142,3
1143,3
1144,4
1145,1
1146,3
1147,6
1148,4
1149,5
1150,4
1151,5
1152,1
1153,2
1154,1
1155,2
1156,0
1157,1
1158,2
1159,2
1160,2
1161,4
1162,1
1163,2
1164,3
1165,1
1166,1
1167,3
1168,5
1169,0
1170,2
1171,1
1172,1
1173,2
1174,1
1175,3
1176,1
1177,2
1178,4
1179,7
1180,1
1181,5
1182,8
1183,1
1184,3
1185,3
1186,2
1187,0
1188,0
1189,4
1190,3
1191,2
1192,3
1193,0
1194,0
1195,2
1196,1
1197,3
1198,3
1199,1
1200,1
1201,1
1202,0
1203,3
1204,4
1205,1
1206,3
1207,1
1208,2
1209,4
1210,2
1211,1
1212,0
1213,0
1214,1
1215,1
1216,0
1217,1
1218,2
1219,0
1220,1
1221,2
1222,0
1223,1
1224,3
1225,1
1226,2
1227,1
1228,5
1229,2
1230,2
1231,1
1232,2
1233,1
1234,2
1235,2
1236,4
1237,2
1238,2
1239,4
1240,3
1241,4
1242,2
1243,3
1244,4
1245,3
1246,0
1247,2
1248,3
1249,4
1250,2
1251,1
1252,3
1253,3
1254,2
1255,2
1256,1
1257,1
1258,1
1259,4
1260,0
1261,2
1262,0
1263,1
1264,1
1265,1
1266,0
1267,0
1268,0
1269,0
1270,0
1271,0
1272,1
1273,2
1274,3
1275,2
1276,1
1277,2
1278,2
1279,2
1280,0
1281,0
1282,1
1283,0
1284,1
1285,1
1286,0
1287,0
1288,1
1289,0
1290,1
1291,1
1292,1
1293,0
1294,1
1295,1
1296,2
1297,3
1298,2
1299,1
1300,0
1301,2
1302,3
1303,2
1304,0
1305,1
1306,1
1307,1
1308,0
1309,0
1310,0
1311,0
1312,1
1313,0
1314,1
1315,0
1316,1
1317,0
1318,2
1319,1
1320,0
1321,2
1322,0
1323,1
1324,0
1325,0
1326,0
1327,0
1328,0
1329,0
1330,0
1331,2
1332,0
1333,1
1334,0
1335,0
1336,0
1337,0
1338,0
1339,1
1340,1
1341,2
1342,0
1343,0
1344,0
1345,0
1346,0
1347,0
1348,0
1349,1
1350,0
1351,0
1352,1
1353,0
1354,0
1355,0
1356,0
1357,2
1358,1
1359,1
1360,0
1361,0
1362,0
1363,1
1364,2
1365,0
1366,0
1367,0
1368,0
1369,0
1370,2
1371,0
1372,2
1373,1
1374,0
1375,1
1376,0
1377,0
1378,1
1379,0
1380,0
1381,0
1382,3
1383,0
1384,0
1385,3
1386,0
1387,1
1388,0
1389,1
1390,0
1391,3
1392,2
1393,0
1394,1
1395,1
1396,0
1397,0
1398,0
1399,0
1400,0
1401,1
1402,2
1403,2
1404,0
1405,1
1406,3
1407,0
1408,0
1409,1
1410,1
1411,0
1412,0
1413,1
1414,1
1415,1
1416,1
1417,1
1418,1
1419,0
1420,0
1421,0
1422,1
1423,0
1424,2
1425,3
1426,0
1427,0
1428,0
1429,1
1430,1
1431,0
1432,1
1433,0
1434,2
1435,2
1436,1
1437,3
1438,1
1439,2
1440,1
1441,2
1442,2
1443,2
1444,1
1445,2
1446,4
1447,3
1448,1
1449,0
1450,1
1451,2
1452,5
1453,3
1454,6
1455,1
1456,6
1457,3
1458,6
1459,0
1460,5
1461,4
1462,7
1463,5
1464,5
1465,4
1466,2
1467,2
1468,1
1469,3
1470,0
1471,1
1472,1
1473,2
1474,3
1475,4
1476,1
1477,0
1478,1
1479,2
1480,1
1481,1
1482,0
1483,2
1484,2
1485,1
1486,0
1487,2
1488,1
1489,2
1490,0
1491,0
1492,3
1493,1
1494,1
1495,0
1496,2
1497,3
1498,1
1499,0
1500,5
1501,3
1502,0
1503,3
1504,4
1505,0
1506,2
1507,5
1508,6
1509,4
1510,4
1511,6
1512,2
1513,3
1514,2
1515,7
1516,3
1517,4
1518,0
1519,2
1520,2
1521,2
1522,3
1523,0
1524,2
1525,1
1526,1
1527,0
1528,2
1529,3
1530,4
1531,1
1532,4
1533,1
1534,1
1535,0
1536,3
1537,3
1538,1
1539,0
1540,1
1541,3
1542,3
1543,4
1544,6
1545,2
1546,4
1547,1
1548,3
1549,2
1550,4
1551,0
1552,3
1553,7
1554,1
1555,5
1556,1
1557,1
1558,4
1559,2
1560,1
1561,3
1562,4
1563,2
1564,4
1565,5
1566,0
1567,5
1568,1
1569,4
1570,0
1571,0
1572,2
1573,1
1574,3
1575,2
1576,0
1577,5
1578,2
1579,1
1580,2
1581,1
1582,0
1583,0
1584,1
1585,1
1586,1
1587,1
1588,2
1589,0
1590,1
1591,1
1592,0
1593,0
1594,1
1595,1
1596,0
1597,1
1598,0
1599,1
1600,1
1601,0
1602,1
1603,1
1604,1
1605,3
1606,0
1607,1
1608,1
1609,1
1610,2
1611,2
1612,4
1613,0
1614,2
1615,1
1616,6
1617,1
1618,2
1619,2
1620,1
1621,0
1622,1
1623,1
1624,2
1625,1
1626,0
1627,0
1628,1
1629,0
1630,0
1631,0
1632,0
1633,0
1634,1
1635,1
1636,0
1637,1
1638,0
1639,2
1640,0
1641,0
1642,0
1643,1
1644,5
1645,1
1646,0
1647,1
1648,0
1649,1
1650,0
1651,2
1652,0
1653,1
1654,1
1655,0
1656,0
1657,0
1658,0
1659,1
1660,0
1661,1
1662,1
1663,2
1664,0
1665,3
1666,1
1667,3
1668,0
1669,1
1670,0
1671,2
1672,0
1673,1
1674,3
1675,1
1676,0
1677,0
1678,1
1679,1
1680,2
1681,0
1682,1
1683,1
1684,0
1685,0
1686,1
1687,0
1688,0
1689,1
1690,1
1691,0
1692,0
1693,0
1694,1
1695,0
1696,1
1697,2
1698,1
1699,1
1700,2
1701,3
1702,0
1703,0
1704,1
1705,0
1706,0
1707,0
1708,1
1709,3
1710,0
1711,0
1712,0
1713,0
1714,0
1715,0
1716,0
1717,0
1718,0
1719,0
1720,0
1721,1
1722,0
1723,0
1724,0
1725,0
1726,0
1727,1
1728,1
1729,0
1730,1
1731,2
1732,0
1733,2
1734,0
1735,2
1736,1
1737,1
1738,0
1739,1
1740,1
1741,1
1742,0
1743,3
1744,0
1745,1
1746,2
1747,1
1748,0
1749,0
1750,2
1751,1
1752,2
1753,2
1754,0
1755,0
1756,2
1757,2
1758,1
1759,0
1760,2
1761,1
1762,1
1763,3
1764,1
1765,1
1766,0
1767,2
1768,0
1769,0
1770,1
1771,1
1772,1
1773,1
1774,3
1775,1
1776,2
1777,1
1778,2
1779,0
1780,1
1781,1
1782,2
1783,3
1784,1
1785,3
1786,0
1787,1
1788,2
1789,1
1790,2
1791,3
1792,0
1793,2
1794,2
1795,1
1796,0
1797,3
1798,3
1799,2
1800,1
1801,2
1802,0
1803,3
1804,3
1805,5
1806,2
1807,1
1808,3
1809,4
1810,3
1811,1
1812,4
1813,2
1814,2
1815,4
1816,6
1817,3
1818,1
1819,1
1820,1
1821,4
1822,3
1823,3
1824,6
1825,2
1826,7
1827,8
1828,4
1829,1
1830,7
1831,6
1832,4
1833,3
1834,4
1835,2
1836,2
1837,2
1838,0
1839,1
1840,4
1841,1
1842,2
1843,3
1844,0
1845,2
1846,1
1847,2
1848,1
1849,1
1850,3
1851,2
1852,1
1853,0
1854,1
1855,0
1856,1
1857,1
1858,3
1859,2
1860,1
1861,1
1862,1
1863,3
1864,0
1865,1
1866,2
1867,2
1868,1
1869,1
1870,6
1871,2
1872,4
1873,1
1874,3
1875,5
1876,2
1877,2
1878,5
1879,4
1880,5
1881,2
1882,2
1883,2
1884,3
1885,0
1886,1
1887,2
1888,1
1889,3
1890,0
1891,4
1892,0
1893,0
1894,2
1895,2
1896,0
1897,0
1898,1
1899,1
1900,2
1901,3
1902,4
1903,2
1904,0
1905,2
1906,5
1907,0
1908,2
1909,0
1910,2
1911,3
1912,3
1913,2
1914,2
1915,1
1916,4
1917,1
1918,2
1919,5
1920,3
1921,3
1922,1
1923,1
1924,2
1925,1
1926,2
1927,2
1928,1
1929,0
1930,0
1931,2
1932,0
1933,3
1934,0
1935,2
1936,1
1937,1
1938,0
1939,2
1940,2
1941,1
1942,1
1943,0
1944,0
1945,5
1946,4
1947,0
1948,0
1949,1
1950,1
1951,2
1952,1
1953,3
1954,2
1955,1
1956,0
1957,0
1958,1
1959,2
1960,0
1961,1
1962,1
1963,4
1964,0
1965,1
1966,1
1967,0
1968,0
1969,1
1970,1
1971,2
1972,3
1973,2
1974,2
1975,1
1976,1
1977,2
1978,2
1979,1
1980,1
1981,0
1982,4
1983,0
1984,0
1985,0
1986,0
1987,3
1988,1
1989,2
1990,2
1991,1
1992,0
1993,0
1994,1
1995,0
1996,0
1997,1
1998,2
1999,0
2000,1
2001,1
2002,0
2003,2
2004,1
2005,2
2006,0
2007,1
2008,0
2009,2
2010,1
2011,4
2012,1
2013,3
2014,0
2015,2
2016,1
2017,1
2018,0
2019,1
2020,2
2021,0
2022,0
2023,3
2024,0
2025,0
2026,0
2027,0
2028,1
2029,0
2030,0
2031,2
2032,0
2033,0
2034,1
2035,1
2036,1
2037,1
2038,1
2039,1
2040,0
2041,2
2042,0
2043,1
2044,0
2045,1
2046,0
2047,0
2048,0
2049,2
2050,0
2051,0
2052,0
2053,0
2054,0
2055,0
2056,1
2057,1
2058,0
2059,0
2060,1
2061,0
2062,1
2063,0
2064,1
2065,0
2066,1
2067,0
2068,0
2069,0
2070,0
2071,0
2072,1
2073,0
2074,0
2075,0
2076,0
2077,0
2078,0
2079,0
2080,0
2081,1
2082,0
2083,0
2084,1
2085,0
2086,1
2087,1
2088,0
2089,0
2090,0
2091,0
2092,0
2093,2
2094,0
2095,0
2096,0
2097,0
2098,1
2099,4
2100,1
2101,1
2102,2
2103,0
2104,0
2105,0
2106,1
2107,3
2108,1
2109,1
2110,0
2111,0
2112,0
2113,3
2114,1
2115,2
2116,2
2117,2
2118,0
2119,0
2120,0
2121,1
2122,1
2123,1
2124,0
2125,0
2126,0
2127,2
2128,1
2129,1
2130,0
2131,1
2132,0
2133,0
2134,1
2135,1
2136,0
2137,0
2138,1
2139,1
2140,1
2141,2
2142,0
2143,1
2144,1
2145,1
2146,2
2147,2
2148,0
2149,1
2150,2
2151,1
2152,1
2153,2
2154,1
2155,1
2156,2
2157,2
2158,0
2159,4
2160,1
2161,3
2162,2
2163,0
2164,1
2165,3
2166,7
2167,0
2168,2
2169,4
2170,3
2171,3
2172,4
2173,2
2174,2
2175,5
2176,3
2177,5
2178,4
2179,1
2180,3
2181,1
2182,4
2183,6
2184,2
2185,2
2186,5
2187,8
2188,2
2189,7
2190,7
2191,7
2192,4
2193,5
2194,5
2195,1
2196,5
2197,3
2198,1
2199,7
2200,0
2201,0
2202,2
2203,1
2204,2
2205,2
2206,0
2207,1
2208,0
2209,1
2210,2
2211,1
2212,1
2213,2
2214,1
2215,1
2216,1
2217,0
2218,0
2219,0
2220,0
2221,1
2222,2
2223,0
2224,2
2225,2
2226,1
2227,3
2228,1
2229,1
2230,1
2231,4
2232,1
2233,1
2234,2
2235,1
2236,1
2237,4
2238,1
2239,2
2240,5
2241,1
2242,3
2243,2
2244,5
2245,1
2246,3
2247,3
2248,0
2249,1
2250,2
2251,4
2252,1
2253,3
2254,2
2255,0
2256,1
2257,0
2258,1
2259,0
2260,1
2261,2
2262,2
2263,1
2264,0
2265,4
2266,1
2267,1
2268,2
2269,5
2270,1
2271,1
2272,0
2273,3
2274,2
2275,1
2276,2
2277,1
2278,0
2279,1
2280,2
2281,2
2282,0
2283,0
2284,0
2285,1
2286,0
2287,0
2288,3
2289,1
2290,1
2291,0
2292,3
2293,2
2294,2
2295,2
2296,0
2297,1
2298,0
2299,1
2300,2
2301,0
2302,1
2303,2
2304,2
2305,0
2306,4
2307,2
2308,0
2309,0
2310,1
2311,0
2312,0
2313,2
2314,1
2315,0
2316,1
2317,0
2318,0
2319,2
2320,3
2321,2
2322,1
2323,1
2324,0
2325,0
2326,3
2327,1
2328,0
2329,3
2330,1
2331,1
2332,2
2333,1
2334,0
2335,1
2336,0
2337,2
2338,0
2339,1
2340,2
2341,2
2342,1
2343,1
2344,1
2345,1
2346,3
2347,0
2348,2
2349,1
2350,0
2351,0
2352,0
2353,0
2354,1
2355,2
2356,0
2357,1
2358,2
2359,1
2360,1
2361,2
2362,1
2363,0
2364,2
2365,1
2366,1
2367,0
2368,0
2369,0
2370,0
2371,2
2372,0
2373,2
2374,0
2375,1
2376,0
2377,1
2378,1
2379,1
2380,0
2381,0
2382,0
2383,0
2384,0
2385,1
2386,0
2387,0
2388,2
2389,1
2390,0
2391,0
2392,1
2393,2
2394,1
2395,0
2396,0
2397,1
2398,1
2399,0
2400,0
2401,0
2402,1
2403,0
2404,0
2405,0
2406,0
2407,0
2408,1
2409,3
2410,1
2411,1
2412,0
2413,2
2414,0
2415,0
2416,0
2417,1
2418,0
2419,0
2420,0
2421,0
2422,0
2423,1
2424,1
2425,0
2426,0
2427,0
2428,0
2429,0
2430,0
2431,0
2432,0
2433,0
2434,0
2435,0
2436,0
2437,0
2438,0
2439,0
2440,0
2441,0
2442,1
2443,1
2444,2
2445,0
2446,1
2447,0
2448,2
2449,1
2450,1
2451,1
2452,0
2453,1
2454,1
2455,1
2456,0
2457,0
2458,2
2459,1
2460,2
2461,3
2462,2
2463,3
2464,5
2465,0
2466,2
2467,1
2468,3
2469,3
2470,1
2471,2
2472,1
2473,4
2474,2
2475,1
2476,0
2477,1
2478,0
2479,1
2480,1
2481,0
2482,0
2483,0
2484,4
2485,0
2486,0
2487,4
2488,0
2489,0
2490,0
2491,1
2492,0
2493,2
2494,3
2495,2
2496,1
2497,2
2498,4
2499,1
2500,1
2501,1
2502,2
2503,2
2504,1
2505,1
2506,0
2507,0
2508,3
2509,0
2510,1
2511,0
2512,1
2513,1
2514,1
2515,0
2516,0
2517,2
2518,2
2519,2
2520,0
2521,1
2522,1
2523,0
2524,0
2525,1
2526,4
2527,1
2528,0
2529,0
2530,3
2531,2
2532,1
2533,3
2534,3
2535,0
2536,0
2537,0
2538,4
2539,3
2540,1
2541,1
2542,1
2543,3
2544,1
2545,3
2546,0
2547,5
2548,1
2549,2
2550,1
2551,1
2552,3
2553,0
2554,5
2555,2
2556,5
2557,1
2558,3
2559,1
2560,2
2561,3
2562,1
2563,2
2564,2
2565,0
2566,1
2567,0
2568,4
2569,1
2570,1
2571,0
2572,0
2573,1
2574,1
2575,0
2576,0
2577,0
2578,0
2579,1
2580,1
2581,2
2582,4
2583,1
2584,0
2585,1
2586,3
2587,3
2588,1
2589,3
2590,0
2591,0
2592,0
2593,0
2594,2
2595,1
2596,1
2597,2
2598,2
2599,3
2600,0
2601,3
2602,0
2603,3
2604,1
2605,1
2606,1
2607,1
2608,1
2609,1
2610,2
2611,4
2612,1
2613,1
2614,2
2615,5
2616,3
2617,3
2618,0
2619,1
2620,0
2621,2
2622,0
2623,3
2624,0
2625,1
2626,1
2627,2
2628,1
2629,2
2630,4
2631,1
2632,1
2633,1
2634,0
2635,1
2636,1
2637,0
2638,4
2639,2
2640,0
2641,2
2642,4
2643,2
2644,1
2645,3
2646,3
2647,0
2648,0
2649,1
2650,1
2651,3
2652,0
2653,0
2654,1
2655,1
2656,1
2657,2
2658,1
2659,1
2660,1
2661,1
2662,2
2663,0
2664,0
2665,0
2666,2
2667,1
2668,2
2669,2
2670,1
2671,1
2672,1
2673,2
2674,4
2675,0
2676,2
2677,1
2678,1
2679,2
2680,1
2681,1
2682,1
2683,1
2684,0
2685,0
2686,1
2687,1
2688,0
2689,1
2690,3
2691,2
2692,1
2693,0
2694,3
2695,2
2696,1
2697,2
2698,0
2699,4
2700,2
2701,1
2702,5
2703,1
2704,3
2705,0
2706,1
2707,0
2708,0
2709,2
2710,3
2711,2
2712,2
2713,0
2714,1
2715,2
2716,1
2717,1
2718,0
2719,0
2720,2
2721,2
2722,2
2723,0
2724,1
2725,1
2726,1
2727,0
2728,0
2729,0
2730,0
2731,1
2732,0
2733,2
2734,1
2735,0
2736,0
2737,0
2738,3
2739,1
2740,0
2741,0
2742,1
2743,0
2744,1
2745,1
2746,0
2747,1
2748,0
2749,0
2750,1
2751,0
2752,0
2753,1
2754,0
2755,0
2756,2
2757,1
2758,1
2759,2
2760,1
2761,0
2762,1
2763,0
2764,1
2765,1
2766,1
2767,0
2768,1
2769,0
2770,2
2771,1
2772,1
2773,0
2774,0
2775,1
2776,2
2777,0
2778,0
2779,0
2780,1
2781,1
2782,0
2783,0
2784,1
2785,0
2786,0
2787,1
2788,1
2789,0
2790,0
2791,0
2792,1
2793,1
2794,0
2795,0
2796,0
2797,1
2798,0
2799,0
2800,0
2801,1
2802,1
2803,1
2804,0
2805,1
2806,2
2807,0
2808,1
2809,0
2810,0
2811,0
2812,1
2813,2
2814,1
2815,0
2816,0
2817,0
2818,0
2819,0
2820,1
2821,0
2822,1
2823,1
2824,0
2825,1
2826,1
2827,1
2828,0
2829,0
2830,0
2831,1
2832,1
2833,2
2834,1
2835,1
2836,1
2837,2
2838,0
2839,0
2840,1
2841,1
2842,1
2843,0
2844,0
2845,1
2846,2
2847,1
2848,1
2849,1
2850,0
2851,2
2852,1
2853,2
2854,1
2855,1
2856,1
2857,0
2858,0
2859,0
2860,0
2861,3
2862,0
2863,0
2864,1
2865,0
2866,1
2867,2
2868,1
2869,0
2870,0
2871,1
2872,1
2873,1
2874,2
2875,1
2876,0
2877,0
2878,1
2879,0
2880,1
2881,1
2882,0
2883,2
2884,0
2885,0
2886,0
2887,0
2888,1
2889,0
2890,1
2891,0
2892,0
2893,3
2894,1
2895,0
2896,0
2897,1
2898,1
2899,1
2900,2
2901,1
2902,0
2903,3
2904,0
2905,2
2906,2
2907,1
2908,3
2909,0
2910,2
2911,3
2912,4
2913,2
2914,3
2915,7
2916,4
2917,4
2918,7
2919,5
2920,4
2921,6
2922,5
2923,5
2924,5
2925,3
2926,7
2927,7
2928,0
2929,1
2930,3
2931,0
2932,3
2933,2
2934,1
2935,0
2936,0
2937,0
2938,2
2939,1
2940,2
2941,0
2942,0
2943,1
2944,0
2945,0
2946,1
2947,0
2948,0
2949,4
2950,0
2951,0
2952,2
2953,0
2954,1
2955,4
2956,1
2957,0
2958,3
2959,4
2960,4
2961,4
2962,1
2963,2
2964,1
2965,1
2966,2
2967,4
2968,0
2969,1
2970,6
2971,7
2972,2
2973,1
2974,3
2975,3
2976,1
2977,0
2978,3
2979,1
2980,1
2981,0
2982,2
2983,5
2984,0
2985,1
2986,5
2987,0
2988,0
2989,1
2990,0
2991,0
2992,2
2993,1
2994,0
2995,0
2996,0
2997,1
2998,0
2999,0
3000,1
3001,0
3002,1
3003,0
3004,4
3005,1
3006,2
3007,0
3008,1
3009,5
3010,1
3011,2
3012,1
3013,1
3014,0
3015,0
3016,1
3017,4
3018,1
3019,2
3020,1
3021,2
3022,1
3023,2
3024,2
3025,0
3026,1
3027,4
3028,2
3029,0
3030,0
3031,2
3032,0
3033,3
3034,1
3035,2
3036,0
3037,0
3038,3
3039,0
3040,0
3041,1
3042,0
3043,1
3044,1
3045,0
3046,0
3047,0
3048,0
3049,0
3050,1
3051,1
3052,1
3053,1
3054,1
3055,3
3056,2
3057,1
3058,0
3059,3
3060,1
3061,1
3062,2
3063,0
3064,2
3065,2
3066,1
3067,0
3068,0
3069,0
3070,0
3071,1
3072,4
3073,1
3074,2
3075,0
3076,0
3077,0
3078,2
3079,2
3080,2
3081,0
3082,1
3083,1
3084,1
3085,1
3086,1
3087,0
3088,2
3089,0
3090,4
3091,0
3092,0
3093,0
3094,0
3095,1
3096,0
3097,0
3098,0
3099,1
3100,4
3101,0
3102,0
3103,1
3104,2
3105,0
3106,1
3107,0
3108,1
3109,0
3110,1
3111,0
3112,2
3113,0
3114,0
3115,0
3116,2
3117,2
3118,0
3119,0
3120,0
3121,0
3122,0
3123,1
3124,0
3125,0
3126,0
3127,1
3128,0
3129,1
3130,2
3131,0
3132,1
3133,0
3134,1
3135,0
3136,0
3137,1
3138,0
3139,0
3140,0
3141,1
3142,0
3143,0
3144,1
3145,0
3146,1
3147,0
3148,0
3149,0
3150,0
3151,0
3152,0
3153,1
3154,0
3155,0
3156,0
3157,0
3158,0
3159,0
3160,0
3161,0
3162,0
3163,0
3164,0
3165,0
3166,0
3167,0
3168,1
3169,0
3170,0
3171,1
3172,1
3173,0
3174,0
3175,0
3176,0
3177,0
3178,0
3179,0
3180,0
3181,0
3182,0
3183,0
3184,0
3185,0
3186,0
3187,0
3188,0
3189,0
3190,0
3191,0
3192,0
3193,2
3194,1
3195,1
3196,1
3197,0
3198,0
3199,1
3200,1
3201,0
3202,1
3203,0
3204,1
3205,2
3206,0
3207,0
3208,0
3209,0
3210,0
3211,1
3212,1
3213,1
3214,0
3215,0
3216,0
3217,0
3218,0
3219,1
3220,0
3221,1
3222,0
3223,0
3224,1
3225,0
3226,1
3227,2
3228,0
3229,3
3230,0
3231,0
3232,0
3233,1
3234,0
3235,3
3236,1
3237,0
3238,0
3239,1
3240,1
3241,2
3242,1
3243,1
3244,0
3245,0
3246,0
3247,2
3248,0
3249,0
3250,1
3251,1
3252,0
3253,0
3254,1
3255,0
3256,0
3257,0
3258,1
3259,0
3260,1
3261,2
3262,2
3263,0
3264,1
3265,0
3266,0
3267,1
3268,4
3269,1
3270,1
3271,0
3272,0
3273,0
3274,0
3275,2
3276,1
3277,0
3278,0
3279,1
3280,1
3281,2
3282,2
3283,0
3284,0
3285,2
3286,1
3287,1
3288,2
3289,0
3290,0
3291,0
3292,0
3293,0
3294,1
3295,1
3296,0
3297,0
3298,0
3299,1
3300,1
3301,0
3302,0
3303,0
3304,0
3305,2
3306,0
3307,0
3308,0
3309,1
3310,1
3311,2
3312,0
3313,1
3314,1
3315,0
3316,0
3317,1
3318,0
3319,1
3320,0
3321,0
3322,1
3323,1
3324,2
3325,2
3326,1
3327,2
3328,0
3329,0
3330,0
3331,0
3332,1
3333,1
3334,3
3335,1
3336,1
3337,0
3338,1
3339,0
3340,2
3341,0
3342,1
3343,0
3344,0
3345,0
3346,0
3347,1
3348,0
3349,0
3350,0
3351,0
3352,0
3353,1
3354,1
3355,0
3356,0
3357,0
3358,1
3359,1
3360,0
3361,0
3362,0
3363,0
3364,0
3365,0
3366,1
3367,2
3368,0
3369,2
3370,2
3371,1
3372,0
3373,0
3374,0
3375,1
3376,0
3377,0
3378,1
3379,0
3380,1
3381,1
3382,2
3383,0
3384,1
3385,1
3386,1
3387,5
3388,2
3389,0
3390,1
3391,2
3392,0
3393,1
3394,1
3395,0
3396,0
3397,1
3398,0
3399,0
3400,1
3401,0
3402,1
3403,0
3404,0
3405,0
3406,1
3407,1
3408,0
3409,0
3410,0
3411,2
3412,1
3413,0
3414,1
3415,1
3416,1
3417,0
3418,1
3419,2
3420,2
3421,1
3422,0
3423,2
3424,1
3425,2
3426,2
3427,0
3428,2
3429,0
3430,0
3431,0
3432,0
3433,0
3434,0
3435,1
3436,1
3437,1
3438,0
3439,0
3440,1
3441,0
3442,0
3443,1
3444,1
3445,0
3446,0
3447,0
3448,0
3449,0
3450,3
3451,1
3452,1
3453,0
3454,0
3455,0
3456,1
3457,1
3458,1
3459,1
3460,0
3461,0
3462,0
3463,0
3464,0
3465,0
3466,2
3467,0
3468,0
3469,0
3470,0
3471,1
3472,0
3473,0
3474,0
3475,0
3476,2
3477,0
3478,0
3479,1
3480,0
3481,0
3482,1
3483,0
3484,0
3485,1
3486,1
3487,0
3488,1
3489,2
3490,0
3491,0
3492,1
3493,0
3494,0
3495,0
3496,1
3497,0
3498,0
3499,0
3500,2
3501,0
3502,0
3503,0
3504,1
3505,0
3506,1
3507,1
3508,0
3509,0
3510,0
3511,1
3512,0
3513,0
3514,0
3515,1
3516,0
3517,0
3518,0
3519,0
3520,0
3521,0
3522,0
3523,0
3524,1
3525,0
3526,0
3527,0
3528,0
3529,0
3530,0
3531,1
3532,0
3533,0
3534,0
3535,0
3536,1
3537,1
3538,0
3539,0
3540,0
3541,0
3542,0
3543,1
3544,0
3545,0
3546,0
3547,0
3548,0
3549,0
3550,0
3551,0
3552,0
3553,0
3554,0
3555,0
3556,0
3557,0
3558,0
3559,0
3560,0
3561,0
3562,0
3563,0
3564,3
3565,0
3566,0
3567,1
3568,1
3569,0
3570,2
3571,0
3572,1
3573,1
3574,1
3575,1
3576,0
3577,1
3578,0
3579,0
3580,0
3581,2
3582,0
3583,3
3584,0
3585,1
3586,2
3587,0
3588,0
3589,0
3590,0
3591,0
3592,1
3593,0
3594,2
3595,0
3596,0
3597,0
3598,1
3599,1
3600,0
3601,1
3602,0
3603,1
3604,1
3605,1
3606,0
3607,0
3608,0
3609,0
3610,0
3611,0
3612,2
3613,1
3614,0
3615,0
3616,1
3617,2
3618,0
3619,0
3620,0
3621,2
3622,0
3623,2
3624,0
3625,1
3626,1
3627,0
3628,3
3629,0
3630,0
3631,1
3632,0
3633,0
3634,2
3635,1
3636,0
3637,1
3638,0
3639,1
3640,1
3641,1
3642,1
3643,3
3644,2
3645,1
3646,1
3647,0
3648,6
3649,1
3650,2
3651,2
3652,2
3653,1
3654,2
3655,1
3656,4
3657,2
3658,0
3659,1
3660,2
3661,0
3662,1
3663,0
3664,0
3665,0
3666,0
3667,0
3668,0
3669,1
3670,0
3671,0
3672,1
3673,0
3674,0
3675,0
3676,0
3677,0
3678,0
3679,0
3680,1
3681,0
3682,1
3683,0
3684,0
3685,1
3686,1
3687,1
3688,2
3689,0
3690,0
3691,2
3692,0
3693,0
3694,0
3695,3
3696,0
3697,0
3698,0
3699,1
3700,2
3701,1
3702,0
3703,0
3704,1
3705,0
3706,1
3707,1
3708,0
3709,0
3710,1
3711,2
3712,0
3713,0
3714,1
3715,0
3716,1
3717,1
3718,1
3719,1
3720,0
3721,0
3722,0
3723,0
3724,1
3725,1
3726,0
3727,1
3728,0
3729,1
3730,0
3731,1
3732,1
3733,0
3734,0
3735,1
3736,0
3737,0
3738,0
3739,1
3740,1
3741,0
3742,0
3743,2
3744,1
3745,2
3746,0
3747,1
3748,0
3749,0
3750,0
3751,1
3752,0
3753,0
3754,1
3755,0
3756,0
3757,2
3758,2
3759,1
3760,0
3761,1
3762,0
3763,0
3764,0
3765,0
3766,0
3767,0
3768,0
3769,0
3770,1
3771,1
3772,0
3773,0
3774,0
3775,0
3776,0
3777,0
3778,0
3779,0
3780,1
3781,0
3782,1
3783,1
3784,0
3785,1
3786,0
3787,0
3788,0
3789,1
3790,0
3791,1
3792,0
3793,0
3794,0
3795,0
3796,0
3797,0
3798,0
3799,0
3800,0
3801,0
3802,0
3803,0
3804,1
3805,0
3806,0
3807,0
3808,0
3809,0
3810,0
3811,0
3812,1
3813,1
3814,1
3815,0
3816,0
3817,0
3818,0
3819,0
3820,0
3821,2
3822,0
3823,0
3824,0
3825,0
3826,0
3827,0
3828,0
3829,1
3830,0
3831,0
3832,0
3833,1
3834,0
3835,0
3836,0
3837,1
3838,0
3839,0
3840,0
3841,1
3842,0
3843,0
3844,0
3845,0
3846,0
3847,0
3848,0
3849,0
3850,2
3851,0
3852,1
3853,0
3854,0
3855,0
3856,0
3857,0
3858,0
3859,0
3860,0
3861,0
3862,1
3863,0
3864,0
3865,0
3866,0
3867,0
3868,0
3869,1
3870,0
3871,0
3872,0
3873,0
3874,0
3875,0
3876,0
3877,0
3878,0
3879,0
3880,0
3881,0
3882,1
3883,0
3884,0
3885,0
3886,0
3887,0
3888,0
3889,0
3890,0
3891,0
3892,0
3893,0
3894,0
3895,0
3896,0
3897,0
3898,0
3899,0
3900,0
3901,0
3902,1
3903,0
3904,0
3905,0
3906,0
3907,1
3908,0
3909,0
3910,0
3911,0
3912,0
3913,0
3914,0
3915,0
3916,0
3917,0
3918,0
3919,0
3920,0
3921,2
3922,0
3923,0
3924,0
3925,0
3926,1
3927,0
3928,0
3929,0
3930,1
3931,1
3932,0
3933,0
3934,0
3935,0
3936,0
3937,0
3938,0
3939,0
3940,0
3941,0
3942,0
3943,0
3944,0
3945,0
3946,1
3947,1
3948,0
3949,1
3950,0
3951,0
3952,0
3953,0
3954,0
3955,0
3956,0
3957,0
3958,2
3959,1
3960,0
3961,1
3962,1
3963,0
3964,0
3965,0
3966,0
3967,0
3968,0
3969,0
3970,0
3971,0
3972,1
3973,0
3974,0
3975,0
3976,0
3977,0
3978,0
3979,0
3980,0
3981,1
3982,0
3983,0
3984,1
3985,0
3986,1
3987,0
3988,0
3989,1
3990,1
3991,0
3992,0
3993,0
3994,0
3995,0
3996,1
3997,0
3998,0
3999,0
4000,0
4001,1
4002,1
4003,1
4004,0
4005,1
4006,0
4007,0
4008,0
4009,0
4010,1
4011,0
4012,0
4013,1
4014,1
4015,0
4016,1
4017,2
4018,0
4019,0
4020,1
4021,0
4022,0
4023,1
4024,0
4025,1
4026,0
4027,0
4028,0
4029,0
4030,0
4031,0
4032,0
4033,0
4034,0
4035,0
4036,0
4037,0
4038,0
4039,0
4040,0
4041,0
4042,1
4043,0
4044,0
4045,0
4046,0
4047,0
4048,1
4049,0
4050,0
4051,0
4052,0
4053,0
4054,0
4055,3
4056,0
4057,0
4058,1
4059,0
4060,0
4061,0
4062,2
4063,0
4064,0
4065,0
4066,0
4067,0
4068,0
4069,0
4070,0
4071,1
4072,1
4073,0
4074,0
4075,0
4076,0
4077,0
4078,0
4079,1
4080,0
4081,1
4082,0
4083,0
4084,0
4085,0
4086,0
4087,0
4088,0
4089,0
4090,0
4091,0
4092,0
4093,0
4094,0
4095,0
4096,0
4097,1
4098,0
4099,0
4100,0
4101,0
4102,0
4103,0
4104,0
4105,0
4106,0
4107,0
4108,0
4109,1
4110,1
4111,0
4112,1
4113,0
4114,1
4115,0
4116,0
4117,0
4118,0
4119,0
4120,0
4121,0
4122,0
4123,1
4124,0
4125,1
4126,0
4127,0
4128,0
4129,1
4130,2
4131,0
4132,0
4133,0
4134,0
4135,0
4136,1
4137,1
4138,0
4139,0
4140,0
4141,0
4142,0
4143,0
4144,0
4145,0
4146,0
4147,0
4148,0
4149,0
4150,0
4151,0
4152,0
4153,0
4154,0
4155,0
4156,0
4157,1
4158,0
4159,1
4160,0
4161,0
4162,2
4163,0
4164,0
4165,0
4166,1
4167,1
4168,1
4169,0
4170,0
4171,1
4172,0
4173,0
4174,0
4175,0
4176,0
4177,0
4178,0
4179,0
4180,0
4181,0
4182,0
4183,1
4184,1
4185,0
4186,0
4187,0
4188,0
4189,0
4190,0
4191,0
4192,0
4193,0
4194,0
4195,0
4196,0
4197,0
4198,0
4199,0
4200,0
4201,0
4202,0
4203,0
4204,0
4205,0
4206,0
4207,2
4208,0
4209,0
4210,0
4211,0
4212,0
4213,1
4214,0
4215,0
4216,1
4217,0
4218,0
4219,0
4220,0
4221,1
4222,0
4223,0
4224,0
4225,0
4226,0
4227,0
4228,1
4229,0
4230,0
4231,0
4232,0
4233,0
4234,0
4235,0
4236,0
4237,0
4238,0
4239,0
4240,0
4241,0
4242,0
4243,0
4244,0
4245,0
4246,1
4247,0
4248,0
4249,0
4250,0
4251,0
4252,0
4253,0
4254,0
4255,0
4256,0
4257,0
4258,0
4259,0
4260,0
4261,0
4262,0
4263,1
4264,0
4265,0
4266,0
4267,0
4268,0
4269,0
4270,0
4271,0
4272,0
4273,0
4274,0
4275,0
4276,0
4277,0
4278,0
4279,0
4280,0
4281,0
4282,0
4283,0
4284,0
4285,0
4286,0
4287,0
4288,0
4289,0
4290,0
4291,0
4292,0
4293,0
4294,0
4295,0
4296,0
4297,0
4298,1
4299,0
4300,0
4301,0
4302,0
4303,0
4304,1
4305,0
4306,0
4307,0
4308,0
4309,0
4310,0
4311,0
4312,0
4313,0
4314,0
4315,0
4316,0
4317,0
4318,0
4319,0
4320,0
4321,0
4322,0
4323,0
4324,0
4325,0
4326,0
4327,0
4328,0
4329,1
4330,0
4331,0
4332,0
4333,0
4334,0
4335,0
4336,1
4337,0
4338,0
4339,1
4340,0
4341,0
4342,0
4343,0
4344,0
4345,0
4346,0
4347,0
4348,0
4349,0
4350,1
4351,0
4352,0
4353,0
4354,0
4355,0
4356,0
4357,0
4358,0
4359,1
4360,0
4361,0
4362,0
4363,1
4364,0
4365,0
4366,0
4367,0
4368,0
4369,2
4370,0
4371,0
4372,0
4373,1
4374,0
4375,0
4376,1
4377,0
4378,0
4379,0
4380,0
4381,0
4382,0
4383,1
4384,1
4385,0
4386,0
4387,0
4388,1
4389,0
4390,0
4391,1
4392,0
4393,0
4394,0
4395,0
4396,1
4397,0
4398,0
4399,0
4400,0
4401,0
4402,0
4403,0
4404,0
4405,0
4406,0
4407,0
4408,0
4409,0
4410,0
4411,0
4412,0
4413,0
4414,0
4415,0
4416,0
4417,0
4418,0
4419,0
4420,0
4421,0
4422,0
4423,0
4424,1
4425,1
4426,1
4427,0
4428,0
4429,1
4430,0
4431,1
4432,0
4433,0
4434,0
4435,1
4436,0
4437,1
4438,0
4439,0
4440,0
4441,0
4442,0
4443,0
4444,0
4445,0
4446,0
4447,0
4448,0
4449,0
4450,0
4451,0
4452,0
4453,0
4454,0
4455,0
4456,0
4457,0
4458,0
4459,0
4460,0
4461,0
4462,0
4463,0
4464,0
4465,0
4466,0
4467,0
4468,0
4469,1
4470,0
4471,1
4472,0
4473,0
4474,0
4475,0
4476,0
4477,0
4478,0
4479,1
4480,0
4481,0
4482,1
4483,0
4484,0
4485,0
4486,0
4487,0
4488,0
4489,0
4490,0
4491,0
4492,0
4493,0
4494,0
4495,0
4496,0
4497,0
4498,0
4499,0
4500,0
4501,0
4502,0
4503,0
4504,0
4505,0
4506,0
4507,0
4508,0
4509,1
4510,0
4511,0
4512,0
4513,0
4514,0
4515,0
4516,0
4517,0
4518,0
4519,0
4520,1
4521,0
4522,0
4523,0
4524,0
4525,0
4526,0
4527,1
4528,0
4529,0
4530,0
4531,0
4532,0
4533,1
4534,0
4535,0
4536,0
4537,0
4538,0
4539,0
4540,0
4541,0
4542,0
4543,0
4544,0
4545,0
4546,2
4547,0
4548,0
4549,0
4550,1
4551,0
4552,0
4553,0
4554,0
4555,0
4556,0
4557,0
4558,0
4559,0
4560,0
4561,0
4562,0
4563,0
4564,0
4565,0
4566,0
4567,0
4568,0
4569,0
4570,0
4571,0
4572,0
4573,0
4574,0
4575,0
4576,0
4577,0
4578,0
4579,1
4580,0
4581,0
4582,0
4583,0
4584,0
4585,0
4586,0
4587,0
4588,0
4589,0
4590,0
4591,0
4592,0
4593,0
4594,0
4595,0
4596,0
4597,0
4598,0
4599,0
4600,0
4601,0
4602,0
4603,0
4604,0
4605,0
4606,0
4607,0
4608,0
4609,0
4610,0
4611,0
4612,0
4613,0
4614,0
4615,0
4616,0
4617,0
4618,0
4619,0
4620,0
4621,0
4622,0
4623,0
4624,0
4625,0
4626,0
4627,0
4628,0
4629,0
4630,0
4631,0
4632,0
4633,0
4634,0
4635,0
4636,0
4637,0
4638,0
4639,0
4640,0
4641,1
4642,0
4643,0
4644,0
4645,0
4646,0
4647,0
4648,0
4649,0
4650,0
4651,0
4652,0
4653,0
4654,0
4655,0
4656,0
4657,0
4658,0
4659,0
4660,0
4661,0
4662,1
4663,0
4664,0
4665,0
4666,0
4667,0
4668,0
4669,1
4670,0
4671,0
4672,0
4673,0
4674,0
4675,0
4676,1
4677,0
4678,0
4679,0
4680,0
4681,0
4682,0
4683,0
4684,0
4685,0
4686,0
4687,0
4688,0
4689,0
4690,0
4691,0
4692,0
4693,0
4694,0
4695,0
4696,0
4697,0
4698,0
4699,0
4700,0
4701,0
4702,0
4703,0
4704,0
4705,0
4706,0
4707,0
4708,0
4709,0
4710,0
4711,0
4712,0
4713,0
4714,0
4715,0
4716,0
4717,0
4718,0
4719,0
4720,1
4721,0
4722,0
4723,0
4724,1
4725,0
4726,0
4727,0
4728,0
4729,0
4730,0
4731,0
4732,0
4733,0
4734,0
4735,0
4736,0
4737,0
4738,0
4739,0
4740,1
4741,0
4742,0
4743,1
4744,0
4745,1
